"Evaluate/step_episode","test_rainbowmini_ep_24000.pth_2024-12-08_15-44-10 - _step","test_rainbowmini_ep_24000.pth_2024-12-08_15-44-10 - _step__MIN","test_rainbowmini_ep_24000.pth_2024-12-08_15-44-10 - _step__MAX","test_rainbowmini_ep_24000.pth_2024-12-08_15-44-10 - Evaluate/EpEnvLen","test_rainbowmini_ep_24000.pth_2024-12-08_15-44-10 - Evaluate/EpEnvLen__MIN","test_rainbowmini_ep_24000.pth_2024-12-08_15-44-10 - Evaluate/EpEnvLen__MAX","test_no_dueling_ep_24900.pth_2024-12-10_13-06-23 - _step","test_no_dueling_ep_24900.pth_2024-12-10_13-06-23 - _step__MIN","test_no_dueling_ep_24900.pth_2024-12-10_13-06-23 - _step__MAX","test_no_dueling_ep_24900.pth_2024-12-10_13-06-23 - Evaluate/EpEnvLen","test_no_dueling_ep_24900.pth_2024-12-10_13-06-23 - Evaluate/EpEnvLen__MIN","test_no_dueling_ep_24900.pth_2024-12-10_13-06-23 - Evaluate/EpEnvLen__MAX","test_rainbowepsilon_ep_19500.pth_2024-12-08_17-36-58 - _step","test_rainbowepsilon_ep_19500.pth_2024-12-08_17-36-58 - _step__MIN","test_rainbowepsilon_ep_19500.pth_2024-12-08_17-36-58 - _step__MAX","test_rainbowepsilon_ep_19500.pth_2024-12-08_17-36-58 - Evaluate/EpEnvLen","test_rainbowepsilon_ep_19500.pth_2024-12-08_17-36-58 - Evaluate/EpEnvLen__MIN","test_rainbowepsilon_ep_19500.pth_2024-12-08_17-36-58 - Evaluate/EpEnvLen__MAX","test_epsilon_noisy_ep_5700.pth_2024-12-09_14-31-02 - _step","test_epsilon_noisy_ep_5700.pth_2024-12-09_14-31-02 - _step__MIN","test_epsilon_noisy_ep_5700.pth_2024-12-09_14-31-02 - _step__MAX","test_epsilon_noisy_ep_5700.pth_2024-12-09_14-31-02 - Evaluate/EpEnvLen","test_epsilon_noisy_ep_5700.pth_2024-12-09_14-31-02 - Evaluate/EpEnvLen__MIN","test_epsilon_noisy_ep_5700.pth_2024-12-09_14-31-02 - Evaluate/EpEnvLen__MAX","test_rainbownoe_ep_8000.pth_2024-12-09_21-42-46 - _step","test_rainbownoe_ep_8000.pth_2024-12-09_21-42-46 - _step__MIN","test_rainbownoe_ep_8000.pth_2024-12-09_21-42-46 - _step__MAX","test_rainbownoe_ep_8000.pth_2024-12-09_21-42-46 - Evaluate/EpEnvLen","test_rainbownoe_ep_8000.pth_2024-12-09_21-42-46 - Evaluate/EpEnvLen__MIN","test_rainbownoe_ep_8000.pth_2024-12-09_21-42-46 - Evaluate/EpEnvLen__MAX","test_edqn_ep_10500.pth_2024-12-11_13-29-49 - _step","test_edqn_ep_10500.pth_2024-12-11_13-29-49 - _step__MIN","test_edqn_ep_10500.pth_2024-12-11_13-29-49 - _step__MAX","test_edqn_ep_10500.pth_2024-12-11_13-29-49 - Evaluate/EpEnvLen","test_edqn_ep_10500.pth_2024-12-11_13-29-49 - Evaluate/EpEnvLen__MIN","test_edqn_ep_10500.pth_2024-12-11_13-29-49 - Evaluate/EpEnvLen__MAX"
"0","1","1","1","1402","1402","1402","1","1","1","1286","1286","1286","1","1","1","1301","1301","1301","1","1","1","1622","1622","1622","1","1","1","2499","2499","2499","1","1","1","1297","1297","1297"
"1","3","3","3","1362","1362","1362","3","3","3","1246","1246","1246","3","3","3","1261","1261","1261","3","3","3","1582","1582","1582","3","3","3","2499","2499","2499","3","3","3","1257","1257","1257"
"2","5","5","5","1384","1384","1384","5","5","5","1268","1268","1268","5","5","5","1283","1283","1283","5","5","5","1604","1604","1604","5","5","5","2499","2499","2499","5","5","5","1279","1279","1279"
"3","7","7","7","1405","1405","1405","7","7","7","1289","1289","1289","7","7","7","1304","1304","1304","7","7","7","1625","1625","1625","7","7","7","2499","2499","2499","7","7","7","1300","1300","1300"
"4","9","9","9","1402","1402","1402","9","9","9","1286","1286","1286","9","9","9","1301","1301","1301","9","9","9","1622","1622","1622","9","9","9","2499","2499","2499","9","9","9","1297","1297","1297"
"5","11","11","11","1379","1379","1379","11","11","11","1263","1263","1263","11","11","11","1278","1278","1278","11","11","11","1599","1599","1599","11","11","11","2499","2499","2499","11","11","11","1274","1274","1274"
"6","13","13","13","1399","1399","1399","13","13","13","1283","1283","1283","13","13","13","1298","1298","1298","13","13","13","1619","1619","1619","13","13","13","2499","2499","2499","13","13","13","1294","1294","1294"
"7","15","15","15","1379","1379","1379","15","15","15","1263","1263","1263","15","15","15","1278","1278","1278","15","15","15","1599","1599","1599","15","15","15","2499","2499","2499","15","15","15","1274","1274","1274"
"8","17","17","17","1392","1392","1392","17","17","17","1276","1276","1276","17","17","17","1291","1291","1291","17","17","17","1612","1612","1612","17","17","17","2499","2499","2499","17","17","17","1287","1287","1287"
"9","19","19","19","1365","1365","1365","19","19","19","1249","1249","1249","19","19","19","1264","1264","1264","19","19","19","1585","1585","1585","19","19","19","2499","2499","2499","19","19","19","1260","1260","1260"
"10","21","21","21","1196","1196","1196","21","21","21","1201","1201","1201","21","21","21","1213","1213","1213","21","21","21","1394","1394","1394","21","21","21","1305","1305","1305","21","21","21","1458","1458","1458"
"11","23","23","23","1196","1196","1196","23","23","23","1196","1196","1196","23","23","23","1208","1208","1208","23","23","23","1389","1389","1389","23","23","23","1299","1299","1299","23","23","23","1453","1453","1453"
"12","25","25","25","1211","1211","1211","25","25","25","1198","1198","1198","25","25","25","1210","1210","1210","25","25","25","1391","1391","1391","25","25","25","1301","1301","1301","25","25","25","1455","1455","1455"
"13","27","27","27","1178","1178","1178","27","27","27","1199","1199","1199","27","27","27","1211","1211","1211","27","27","27","1392","1392","1392","27","27","27","1302","1302","1302","27","27","27","1456","1456","1456"
"14","29","29","29","1191","1191","1191","29","29","29","1196","1196","1196","29","29","29","1208","1208","1208","29","29","29","1389","1389","1389","29","29","29","1299","1299","1299","29","29","29","1453","1453","1453"
"15","31","31","31","1191","1191","1191","31","31","31","1196","1196","1196","31","31","31","1208","1208","1208","31","31","31","1389","1389","1389","31","31","31","1299","1299","1299","31","31","31","1453","1453","1453"
"16","33","33","33","1195","1195","1195","33","33","33","1201","1201","1201","33","33","33","1213","1213","1213","33","33","33","1394","1394","1394","33","33","33","1304","1304","1304","33","33","33","1458","1458","1458"
"17","35","35","35","1191","1191","1191","35","35","35","1196","1196","1196","35","35","35","1208","1208","1208","35","35","35","1389","1389","1389","35","35","35","1299","1299","1299","35","35","35","1453","1453","1453"
"18","37","37","37","1196","1196","1196","37","37","37","1184","1184","1184","37","37","37","1196","1196","1196","37","37","37","1375","1375","1375","37","37","37","1306","1306","1306","37","37","37","1441","1441","1441"
"19","39","39","39","1204","1204","1204","39","39","39","1211","1211","1211","39","39","39","1208","1208","1208","39","39","39","1389","1389","1389","39","39","39","1299","1299","1299","39","39","39","1453","1453","1453"
"20","41","41","41","1156","1156","1156","41","41","41","1187","1187","1187","41","41","41","1318","1318","1318","41","41","41","1360","1360","1360","41","41","41","1244","1244","1244","41","41","41","1402","1402","1402"
"21","43","43","43","1152","1152","1152","43","43","43","1187","1187","1187","43","43","43","1314","1314","1314","43","43","43","1378","1378","1378","43","43","43","1240","1240","1240","43","43","43","1398","1398","1398"
"22","45","45","45","1149","1149","1149","45","45","45","1193","1193","1193","45","45","45","1287","1287","1287","45","45","45","1269","1269","1269","45","45","45","1237","1237","1237","45","45","45","1446","1446","1446"
"23","47","47","47","1166","1166","1166","47","47","47","1204","1204","1204","47","47","47","1304","1304","1304","47","47","47","1279","1279","1279","47","47","47","1254","1254","1254","47","47","47","1463","1463","1463"
"24","49","49","49","1189","1189","1189","49","49","49","1199","1199","1199","49","49","49","1299","1299","1299","49","49","49","1274","1274","1274","49","49","49","1249","1249","1249","49","49","49","1458","1458","1458"
"25","51","51","51","1157","1157","1157","51","51","51","1201","1201","1201","51","51","51","1319","1319","1319","51","51","51","1363","1363","1363","51","51","51","1245","1245","1245","51","51","51","1454","1454","1454"
"26","53","53","53","1172","1172","1172","53","53","53","1202","1202","1202","53","53","53","1191","1191","1191","53","53","53","1374","1374","1374","53","53","53","1233","1233","1233","53","53","53","1442","1442","1442"
"27","55","55","55","1161","1161","1161","55","55","55","1207","1207","1207","55","55","55","1323","1323","1323","55","55","55","1379","1379","1379","55","55","55","1249","1249","1249","55","55","55","1407","1407","1407"
"28","57","57","57","1161","1161","1161","57","57","57","1200","1200","1200","57","57","57","1323","1323","1323","57","57","57","1389","1389","1389","57","57","57","1249","1249","1249","57","57","57","1214","1214","1214"
"29","59","59","59","1161","1161","1161","59","59","59","1200","1200","1200","59","59","59","1299","1299","1299","59","59","59","1274","1274","1274","59","59","59","1249","1249","1249","59","59","59","1458","1458","1458"
"30","61","61","61","1166","1166","1166","61","61","61","1011","1011","1011","61","61","61","1249","1249","1249","61","61","61","1007","1007","1007","61","61","61","1132","1132","1132","61","61","61","1010","1010","1010"
"31","63","63","63","1184","1184","1184","63","63","63","1029","1029","1029","63","63","63","1267","1267","1267","63","63","63","1025","1025","1025","63","63","63","1184","1184","1184","63","63","63","1223","1223","1223"
"32","65","65","65","1185","1185","1185","65","65","65","1185","1185","1185","65","65","65","1259","1259","1259","65","65","65","1026","1026","1026","65","65","65","1185","1185","1185","65","65","65","1022","1022","1022"
"33","67","67","67","1181","1181","1181","67","67","67","1017","1017","1017","67","67","67","1255","1255","1255","67","67","67","1022","1022","1022","67","67","67","1181","1181","1181","67","67","67","1018","1018","1018"
"34","69","69","69","1179","1179","1179","69","69","69","1024","1024","1024","69","69","69","1262","1262","1262","69","69","69","1059","1059","1059","69","69","69","1179","1179","1179","69","69","69","1218","1218","1218"
"35","71","71","71","1184","1184","1184","71","71","71","1029","1029","1029","71","71","71","1267","1267","1267","71","71","71","1025","1025","1025","71","71","71","1099","1099","1099","71","71","71","1177","1177","1177"
"36","73","73","73","1179","1179","1179","73","73","73","1024","1024","1024","73","73","73","1262","1262","1262","73","73","73","1020","1020","1020","73","73","73","1142","1142","1142","73","73","73","1170","1170","1170"
"37","75","75","75","1177","1177","1177","75","75","75","1022","1022","1022","75","75","75","1251","1251","1251","75","75","75","1018","1018","1018","75","75","75","1150","1150","1150","75","75","75","1014","1014","1014"
"38","77","77","77","1180","1180","1180","77","77","77","1025","1025","1025","77","77","77","1263","1263","1263","77","77","77","1021","1021","1021","77","77","77","1102","1102","1102","77","77","77","1024","1024","1024"
"39","79","79","79","1172","1172","1172","79","79","79","1017","1017","1017","79","79","79","1246","1246","1246","79","79","79","1013","1013","1013","79","79","79","1088","1088","1088","79","79","79","1009","1009","1009"
"40","81","81","81","1113","1113","1113","81","81","81","949","949","949","81","81","81","958","958","958","81","81","81","924","924","924","81","81","81","1074","1074","1074","81","81","81","947","947","947"
"41","83","83","83","1093","1093","1093","83","83","83","938","938","938","83","83","83","963","963","963","83","83","83","931","931","931","83","83","83","1064","1064","1064","83","83","83","967","967","967"
"42","85","85","85","1095","1095","1095","85","85","85","1407","1407","1407","85","85","85","968","968","968","85","85","85","927","927","927","85","85","85","1079","1079","1079","85","85","85","962","962","962"
"43","87","87","87","1093","1093","1093","87","87","87","936","936","936","87","87","87","968","968","968","87","87","87","1250","1250","1250","87","87","87","1062","1062","1062","87","87","87","965","965","965"
"44","89","89","89","1089","1089","1089","89","89","89","1407","1407","1407","89","89","89","968","968","968","89","89","89","925","925","925","89","89","89","1059","1059","1059","89","89","89","962","962","962"
"45","91","91","91","1185","1185","1185","91","91","91","963","963","963","91","91","91","950","950","950","91","91","91","943","943","943","91","91","91","1076","1076","1076","91","91","91","968","968","968"
"46","93","93","93","1107","1107","1107","93","93","93","964","964","964","93","93","93","952","952","952","93","93","93","945","945","945","93","93","93","1078","1078","1078","93","93","93","952","952","952"
"47","95","95","95","1101","1101","1101","95","95","95","945","945","945","95","95","95","968","968","968","95","95","95","939","939","939","95","95","95","1077","1077","1077","95","95","95","972","972","972"
"48","97","97","97","1109","1109","1109","97","97","97","958","958","958","97","97","97","967","967","967","97","97","97","947","947","947","97","97","97","1080","1080","1080","97","97","97","954","954","954"
"49","99","99","99","1166","1166","1166","99","99","99","933","933","933","99","99","99","949","949","949","99","99","99","1084","1084","1084","99","99","99","1145","1145","1145","99","99","99","953","953","953"
"50","101","101","101","924","924","924","101","101","101","935","935","935","101","101","101","955","955","955","101","101","101","940","940","940","101","101","101","927","927","927","101","101","101","944","944","944"
"51","103","103","103","945","945","945","103","103","103","939","939","939","103","103","103","955","955","955","103","103","103","1103","1103","1103","103","103","103","943","943","943","103","103","103","979","979","979"
"52","105","105","105","932","932","932","105","105","105","936","936","936","105","105","105","957","957","957","105","105","105","1181","1181","1181","105","105","105","1096","1096","1096","105","105","105","951","951","951"
"53","107","107","107","1265","1265","1265","107","107","107","1407","1407","1407","107","107","107","942","942","942","107","107","107","1166","1166","1166","107","107","107","943","943","943","107","107","107","968","968","968"
"54","109","109","109","922","922","922","109","109","109","1437","1437","1437","109","109","109","953","953","953","109","109","109","1204","1204","1204","109","109","109","927","927","927","109","109","109","961","961","961"
"55","111","111","111","932","932","932","111","111","111","1407","1407","1407","111","111","111","958","958","958","111","111","111","1088","1088","1088","111","111","111","1164","1164","1164","111","111","111","963","963","963"
"56","113","113","113","951","951","951","113","113","113","922","922","922","113","113","113","946","946","946","113","113","113","1178","1178","1178","113","113","113","944","944","944","113","113","113","969","969","969"
"57","115","115","115","1250","1250","1250","115","115","115","1428","1428","1428","115","115","115","949","949","949","115","115","115","1182","1182","1182","115","115","115","938","938","938","115","115","115","966","966","966"
"58","117","117","117","934","934","934","117","117","117","925","925","925","117","117","117","965","965","965","117","117","117","928","928","928","117","117","117","1166","1166","1166","117","117","117","980","980","980"
"59","119","119","119","926","926","926","119","119","119","1437","1437","1437","119","119","119","954","954","954","119","119","119","1190","1190","1190","119","119","119","928","928","928","119","119","119","962","962","962"
"60","121","121","121","1317","1317","1317","121","121","121","1321","1321","1321","121","121","121","1317","1317","1317","121","121","121","1321","1321","1321","121","121","121","1321","1321","1321","121","121","121","1317","1317","1317"
"61","123","123","123","1340","1340","1340","123","123","123","1340","1340","1340","123","123","123","1340","1340","1340","123","123","123","1340","1340","1340","123","123","123","1340","1340","1340","123","123","123","1340","1340","1340"
"62","125","125","125","1212","1212","1212","125","125","125","1214","1214","1214","125","125","125","1212","1212","1212","125","125","125","1213","1213","1213","125","125","125","1231","1231","1231","125","125","125","1212","1212","1212"
"63","127","127","127","1334","1334","1334","127","127","127","1335","1335","1335","127","127","127","1334","1334","1334","127","127","127","1335","1335","1335","127","127","127","1335","1335","1335","127","127","127","1334","1334","1334"
"64","129","129","129","1318","1318","1318","129","129","129","1328","1328","1328","129","129","129","1318","1318","1318","129","129","129","1328","1328","1328","129","129","129","1328","1328","1328","129","129","129","1317","1317","1317"
"65","131","131","131","1319","1319","1319","131","131","131","1319","1319","1319","131","131","131","1319","1319","1319","131","131","131","1374","1374","1374","131","131","131","1374","1374","1374","131","131","131","1319","1319","1319"
"66","133","133","133","1320","1320","1320","133","133","133","1331","1331","1331","133","133","133","1320","1320","1320","133","133","133","1376","1376","1376","133","133","133","1331","1331","1331","133","133","133","1320","1320","1320"
"67","135","135","135","1339","1339","1339","135","135","135","1339","1339","1339","135","135","135","1339","1339","1339","135","135","135","1395","1395","1395","135","135","135","1339","1339","1339","135","135","135","1339","1339","1339"
"68","137","137","137","1317","1317","1317","137","137","137","1321","1321","1321","137","137","137","1317","1317","1317","137","137","137","1321","1321","1321","137","137","137","1321","1321","1321","137","137","137","1317","1317","1317"
"69","139","139","139","1300","1300","1300","139","139","139","1200","1200","1200","139","139","139","1300","1300","1300","139","139","139","1365","1365","1365","139","139","139","1365","1365","1365","139","139","139","1300","1300","1300"
"70","141","141","141","903","903","903","141","141","141","1063","1063","1063","141","141","141","1063","1063","1063","141","141","141","906","906","906","141","141","141","1228","1228","1228","141","141","141","903","903","903"
"71","143","143","143","919","919","919","143","143","143","1065","1065","1065","143","143","143","1064","1064","1064","143","143","143","906","906","906","143","143","143","1239","1239","1239","143","143","143","903","903","903"
"72","145","145","145","914","914","914","145","145","145","1060","1060","1060","145","145","145","1058","1058","1058","145","145","145","1062","1062","1062","145","145","145","1230","1230","1230","145","145","145","898","898","898"
"73","147","147","147","903","903","903","147","147","147","1231","1231","1231","147","147","147","1063","1063","1063","147","147","147","903","903","903","147","147","147","1216","1216","1216","147","147","147","903","903","903"
"74","149","149","149","898","898","898","149","149","149","1053","1053","1053","149","149","149","1044","1044","1044","149","149","149","894","894","894","149","149","149","1242","1242","1242","149","149","149","884","884","884"
"75","151","151","151","885","885","885","151","151","151","1045","1045","1045","151","151","151","1045","1045","1045","151","151","151","884","884","884","151","151","151","1217","1217","1217","151","151","151","900","900","900"
"76","153","153","153","878","878","878","153","153","153","1038","1038","1038","153","153","153","1038","1038","1038","153","153","153","1117","1117","1117","153","153","153","1223","1223","1223","153","153","153","878","878","878"
"77","155","155","155","911","911","911","155","155","155","1071","1071","1071","155","155","155","1062","1062","1062","155","155","155","911","911","911","155","155","155","1234","1234","1234","155","155","155","911","911","911"
"78","157","157","157","885","885","885","157","157","157","1045","1045","1045","157","157","157","1045","1045","1045","157","157","157","1124","1124","1124","157","157","157","1228","1228","1228","157","157","157","885","885","885"
"79","159","159","159","885","885","885","159","159","159","1045","1045","1045","159","159","159","1060","1060","1060","159","159","159","884","884","884","159","159","159","1218","1218","1218","159","159","159","900","900","900"
"80","161","161","161","1063","1063","1063","161","161","161","1064","1064","1064","161","161","161","1064","1064","1064","161","161","161","904","904","904","161","161","161","1079","1079","1079","161","161","161","1064","1064","1064"
"81","163","163","163","1063","1063","1063","163","163","163","1230","1230","1230","163","163","163","1230","1230","1230","163","163","163","904","904","904","163","163","163","1227","1227","1227","163","163","163","1063","1063","1063"
"82","165","165","165","1220","1220","1220","165","165","165","1043","1043","1043","165","165","165","1063","1063","1063","165","165","165","898","898","898","165","165","165","1122","1122","1122","165","165","165","1063","1063","1063"
"83","167","167","167","1063","1063","1063","167","167","167","1230","1230","1230","167","167","167","1063","1063","1063","167","167","167","903","903","903","167","167","167","997","997","997","167","167","167","1230","1230","1230"
"84","169","169","169","1064","1064","1064","169","169","169","1079","1079","1079","169","169","169","1063","1063","1063","169","169","169","1235","1235","1235","169","169","169","1225","1225","1225","169","169","169","1063","1063","1063"
"85","171","171","171","1059","1059","1059","171","171","171","1074","1074","1074","171","171","171","1058","1058","1058","171","171","171","1230","1230","1230","171","171","171","1058","1058","1058","171","171","171","1058","1058","1058"
"86","173","173","173","1074","1074","1074","173","173","173","1060","1060","1060","173","173","173","1074","1074","1074","173","173","173","898","898","898","173","173","173","1060","1060","1060","173","173","173","1059","1059","1059"
"87","175","175","175","1058","1058","1058","175","175","175","1074","1074","1074","175","175","175","1074","1074","1074","175","175","175","898","898","898","175","175","175","992","992","992","175","175","175","1059","1059","1059"
"88","177","177","177","1058","1058","1058","177","177","177","1043","1043","1043","177","177","177","1044","1044","1044","177","177","177","894","894","894","177","177","177","965","965","965","177","177","177","1044","1044","1044"
"89","179","179","179","1062","1062","1062","179","179","179","1078","1078","1078","179","179","179","1064","1064","1064","179","179","179","903","903","903","179","179","179","1078","1078","1078","179","179","179","1064","1064","1064"