"Train/step","ppo_discrete_2025-05-21_16-02-29 - _step","ppo_discrete_2025-05-21_16-02-29 - _step__MIN","ppo_discrete_2025-05-21_16-02-29 - _step__MAX","ppo_discrete_2025-05-21_16-02-29 - Train/actor_loss","ppo_discrete_2025-05-21_16-02-29 - Train/actor_loss__MIN","ppo_discrete_2025-05-21_16-02-29 - Train/actor_loss__MAX"
"5000","277.5","273","282","-0.43519209176301954","-2.584770679473877","1.162442922592163"
"10000","586.5","582","591","-0.20000958442687988","-1.3985730409622192","0.7183019518852234"
"15000","890.5","886","895","0.1244035454466939","-1.0323882102966309","1.5180702209472656"
"20000","1192.5","1188","1197","-0.7907698035240174","-1.4825464487075806","0.29745399951934814"
"25000","1490.5","1486","1495","0.5159601457417011","-0.8922910690307617","1.492369294166565"
"30000","1789.5","1785","1794","-0.3906974457204342","-0.7848790287971497","0.21730513870716095"
"35000","2080.5","2076","2085","0.21170436441898347","-0.5743434429168701","0.6977954506874084"
"40000","2386.5","2382","2391","-0.18999378457665445","-0.606552004814148","0.5459442734718323"
"45000","2692.5","2688","2697","0.17325906716287137","-0.6316203474998474","1.1912506818771362"
"50000","3014.5","3010","3019","-0.20923620611429214","-0.5428534746170044","0.3144614100456238"
"55000","3326.5","3322","3331","0.12505440898239611","-0.2697324752807617","0.5986301302909851"
"60000","3649.5","3645","3654","0.03322107195854187","-0.31875866651535034","0.3104979991912842"
"65000","3945.5","3941","3950","0.17318473029881715","-0.746153712272644","0.8051411509513855"
"70000","4264.5","4260","4269","-0.5730581112205982","-1.135855793952942","-0.0767492949962616"
"75000","4592.5","4588","4597","0.5297133132815361","-0.39490288496017456","0.9939556121826172"
"80000","4918.5","4914","4923","-0.3746024377178401","-0.7800986766815186","0.21279151737689972"
"85000","5229.5","5225","5234","0.004013660550117493","-1.1845817565917969","1.0618202686309814"
"90000","5528.5","5524","5533","-0.12083794549107552","-0.5777145624160767","0.3284507095813751"
"95000","5843.5","5839","5848","0.02349555380642414","-0.338955819606781","0.24826249480247498"
"100000","6160.5","6156","6165","0.07157792877405882","-0.278533399105072","0.33946019411087036"
"105000","6465.5","6461","6470","-0.09380953568033874","-0.5375747680664062","0.2922123372554779"
"110000","6757.5","6753","6762","-0.41054859310388564","-0.8744664788246155","0.19921082258224487"
"115000","7072.5","7068","7077","0.2214701134711504","0.016290534287691116","0.52983158826828"
"120000","7370.5","7366","7375","0.189740096940659","-0.05748548358678818","0.5579986572265625"
"125000","7670.5","7666","7675","-0.7475081130862236","-1.0851385593414307","-0.08439561724662781"
"130000","7956.5","7952","7961","0.551358425617218","-0.11610007286071777","1.0463860034942627"
"135000","8251.5","8247","8256","-0.2031626645475626","-0.9480758905410767","0.39242780208587646"
"140000","8551.5","8547","8556","0.053407829254865646","-0.3197134733200073","0.4948175847530365"
"145000","8850.5","8846","8855","-0.15412479043006896","-0.5251220464706421","0.2275967001914978"
"150000","9134.5","9130","9139","-0.3123093217611313","-0.5289636850357056","-0.14321041107177734"
"155000","9431.5","9427","9436","0.2084747776389122","-0.21615317463874817","0.5533240437507629"
"160000","9726.5","9722","9731","0.13427260749740527","-0.15538528561592102","0.5796468257904053"
"165000","10022.5","10018","10027","-0.2680033348500729","-0.748081624507904","0.6840806007385254"
"170000","10300.5","10296","10305","0.0550374835729599","-1.0369266271591187","0.8625211715698242"
"175000","10599.5","10595","10604","-0.08389878598973155","-0.45846879482269287","0.43875354528427124"
"180000","10895.5","10891","10900","-0.09964218065142631","-0.25396865606307983","0.1209632009267807"
"185000","11195.5","11191","11200","0.18803553618490695","-0.17345553636550903","0.44975924491882324"
"190000","11477.5","11473","11482","-0.03976225219666958","-0.34924376010894775","0.4839807152748108"
"195000","11773.5","11769","11778","0.07720429003238678","-0.4594261646270752","0.48675501346588135"
"200000","12073.5","12069","12078","-0.10374652338214219","-0.28893688321113586","0.03385500982403755"
"205000","12352.5","12348","12357","-0.3806425057351589","-0.5949287414550781","-0.03441948443651199"
"210000","12648.5","12644","12653","0.35518989972770215","-0.6027235388755798","1.0332765579223633"
"215000","12950.5","12946","12955","-0.1290270432829857","-1.1257773637771606","1.0024094581604004"
"220000","13248.5","13244","13253","-0.8916770875453949","-1.2123498916625977","-0.29524660110473633"
"225000","13525.5","13521","13530","0.4763112872838974","-0.5276840329170227","1.11692476272583"
"230000","13819.5","13815","13824","-0.26274734884500506","-1.157048225402832","0.8924611210823059"
"235000","14116.5","14112","14121","-0.9438202261924744","-1.352564811706543","-0.16192954778671265"
"240000","14414.5","14410","14419","0.624311038851738","-0.19654059410095215","1.0174975395202637"
"245000","14702.5","14698","14707","-1.0845251508057117","-1.5416126251220703","-0.06503892689943314"
"250000","15000.5","14996","15005","0.3138821393251419","-1.109040379524231","1.1051363945007324"
"255000","15295.5","15291","15300","0.22791473008692265","-0.55082768201828","1.261084794998169"
"260000","15596.5","15592","15601","-0.5346546679735183","-0.9143958687782288","-0.11582639813423157"
"265000","15876.5","15872","15881","-0.3197647489607334","-0.6409607529640198","0.16091476380825043"
"270000","16178.5","16174","16183","0.5151799857616425","0.2906407117843628","0.7427673935890198"
"275000","16478.5","16474","16483","0.005366426659747958","-0.2686237096786499","0.2268354594707489"
"280000","16775.5","16771","16780","-0.6582574814558029","-1.006807565689087","-0.14600016176700592"
"285000","17054.5","17050","17059","-0.17684932991396635","-0.5557180643081665","0.1645837128162384"
"290000","17350.5","17346","17355","0.14612530171871185","-0.4252159297466278","0.7206066846847534"
"295000","17646.5","17642","17651","0.28440811559557916","-0.24660146236419678","0.6587382555007935"
"300000","17941.5","17937","17946","-0.23413310293108225","-0.8309890031814575","0.14613717794418335"
"305000","18222.5","18218","18227","-0.4289849020540714","-0.7242568731307983","0.03676431626081467"
"310000","18516.5","18512","18521","-0.0099569633603096","-0.37803542613983154","0.2929816246032715"
"315000","18817.5","18813","18822","0.08410886758938432","-0.035595376044511795","0.19163502752780914"
"320000","19116.5","19112","19121","0.28518337458372117","0.12323570251464844","0.3701234459877014"
"325000","19395.5","19391","19400","-0.02685723975300789","-0.4497377872467041","0.35952699184417725"
"330000","19690.5","19686","19695","-0.12603401876986026","-0.40665754675865173","0.13864943385124207"
"335000","19989.5","19985","19994","-0.10286943865939975","-0.24350789189338684","0.016383161768317223"
"340000","20287.5","20283","20292","-0.020261633023619652","-0.3470652103424072","0.33594590425491333"
"345000","20564.5","20560","20569","-0.13403927981853486","-0.5722887516021729","0.4657238721847534"
"350000","20859.5","20855","20864","0.28830242343246937","0.04174606129527092","0.5915188789367676"
"355000","21159.5","21155","21164","-0.11305561512708664","-0.7727416157722473","0.428907573223114"
"360000","21439.5","21435","21444","-0.31381912529468536","-0.776446521282196","0.32368287444114685"
"365000","21737.5","21733","21742","0.3540908798575401","-0.0883987694978714","0.6126265525817871"
"370000","22034.5","22030","22039","-0.38173049241304396","-1.044081687927246","0.1740245521068573"
"375000","22334.5","22330","22339","-0.7910049706697464","-1.0248055458068848","-0.2781539261341095"
"380000","22613.5","22609","22618","0.38688990138471124","-0.3988395631313324","1.2227654457092285"
"385000","22912.5","22908","22917","0.2603921085596085","-0.3688063621520996","0.875921905040741"
"390000","23212.5","23208","23217","-0.7296636149287223","-1.2742154598236084","-0.13339512050151825"
"395000","23512.5","23508","23517","-0.19032825231552125","-1.0005381107330322","1.1829618215560913"
"400000","23790.5","23786","23795","-0.11638256460428238","-0.9973351955413818","0.9341707229614258"
"405000","24090.5","24086","24095","-0.41386075764894487","-1.1936439275741577","0.7127037048339844"
"410000","24389.5","24385","24394","0.2620971962809563","-1.0205327272415161","0.9738555550575256"
"415000","24689.5","24685","24694","-0.9900431536138058","-1.7136770486831665","0.1879754513502121"
"420000","24966.5","24962","24971","0.6933541566133499","-0.09574513137340546","1.2331029176712036"
"425000","25264.5","25260","25269","-0.45163611210882665","-1.090494155883789","0.516162633895874"
"430000","25563.5","25559","25568","-0.5467522503371584","-1.307547926902771","0.6327124834060669"
"435000","25859.5","25855","25864","0.40026790723204614","0.09785022586584091","0.7865355610847473"
"440000","26139.5","26135","26144","-0.240326888859272","-0.9798763990402222","0.6612807512283325"
"445000","26437.5","26433","26442","-0.22812699377536774","-0.7608150839805603","0.6047451496124268"
"450000","26735.5","26731","26740","0.482951483130455","0.15436507761478424","0.6806576251983643"
"455000","27030.5","27026","27035","-0.233236313611269","-0.6802763938903809","0.2221180945634842"
"460000","27308.5","27304","27313","-0.2924120843410492","-0.8868887424468994","0.3277725577354431"
"465000","27604.5","27600","27609","0.20424878261983395","0.001380743458867073","0.42207980155944824"
"470000","27902.5","27898","27907","-0.8686945587396622","-1.4758284091949463","0.29819607734680176"
"475000","28182.5","28178","28187","-0.08594009429216384","-0.9588074684143066","0.986086368560791"
"480000","28480.5","28476","28485","0.7164780855178833","-0.1545065939426422","1.0569722652435303"
"485000","28780.5","28776","28785","-1.3266361892223357","-1.8696937561035156","-0.5374299883842468"
"490000","29078.5","29074","29083","-0.47061086297035215","-1.532081127166748","1.1061714887619019"
"495000","29358.5","29354","29363","0.7132297098636627","-0.9798563718795776","1.4670586585998535"
"500000","29653.5","29649","29658","-1.3309146612882614","-1.76173734664917","-0.48642590641975403"
"505000","29949.5","29945","29954","0.3114440508186817","-0.8622719645500183","1.549217700958252"
"510000","30250.5","30246","30255","0.30342472791671754","0.04690580070018768","0.623177707195282"
"515000","30530.5","30526","30535","-0.3793811462819576","-0.6652157306671143","0.05937066674232483"
"520000","30828.5","30824","30833","-0.36984231378883126","-0.8724287152290344","0.21041029691696167"
"525000","31132.5","31128","31137","0.22948196455836295","-0.18018946051597595","0.5402607917785645"
"530000","31429.5","31425","31434","0.20944701619446277","0.03528440371155739","0.33999162912368774"
"535000","31707.5","31703","31712","-0.13722169455140829","-0.6580415964126587","0.25792938470840454"
"540000","32007.5","32003","32012","-0.36135237514972685","-0.5316578149795532","-0.11121553182601929"
"545000","32302.5","32298","32307","-0.12635684721171855","-0.5324597358703613","0.3205680549144745"
"550000","32596.5","32592","32601","0.16019962280988692","-0.17106305062770844","0.35214751958847046"
"555000","32874.5","32870","32879","0.1508392482995987","-0.04906807094812393","0.33583879470825195"
"560000","33174.5","33170","33179","0.025200191419571638","-0.13027727603912354","0.1999969631433487"
"565000","33468.5","33464","33473","-0.13881971016526223","-0.2858274281024933","0.12376867234706879"
"570000","33768.5","33764","33773","-0.10189767293632031","-0.2673570215702057","-0.030675925314426422"
"575000","34050.5","34046","34055","0.3303282603621483","0.08732910454273224","0.5770696401596069"
"580000","34346.5","34342","34351","-0.17172470167279244","-0.3267389237880707","0.07771323621273041"
"585000","34642.5","34638","34647","-0.21972303390502929","-0.33278077840805054","-0.06848610937595367"
"590000","34938.5","34934","34943","0.13999641202390195","-0.08620207011699677","0.40171608328819275"
"595000","35220.5","35216","35225","0.08767466638237238","-0.07025894522666931","0.32083001732826233"
"600000","35520.5","35516","35525","0.059183405339717866","-0.36389896273612976","0.44172990322113037"
"605000","35820.5","35816","35825","-0.43614503294229506","-0.6230398416519165","-0.2235504537820816"
"610000","36116.5","36112","36121","-0.31444201618433","-1.0266129970550537","0.4343491494655609"
"615000","36397.5","36393","36402","0.23145247399806976","0.13328847289085388","0.3413141369819641"
"620000","36693.5","36689","36698","0.22339434884488582","0.005672868341207504","0.31258440017700195"
"625000","36993.5","36989","36998","-0.13336310349404812","-0.4686269462108612","0.4172095060348511"
"630000","37272.5","37268","37277","-0.3024564617138822","-0.5602470636367798","-0.0008461172110401094"
"635000","37566.5","37562","37571","0.20587428286671638","-0.1381259709596634","0.6016330122947693"
"640000","37869.5","37865","37874","0.20283849034458398","-0.33036935329437256","0.84983229637146"
"645000","38167.5","38163","38172","-0.4584772169589996","-0.6119667291641235","-0.3444504737854004"
"650000","38446.5","38442","38451","0.1760176382958889","-0.104280486702919","0.4338228106498718"
"655000","38742.5","38738","38747","0.15293565820902585","-0.03510061278939247","0.38537269830703735"
"660000","39042.5","39038","39047","-0.21599300429224969","-0.30996018648147583","-0.05016670376062393"
"665000","39335.5","39331","39340","-0.33908677399158477","-0.4901832342147827","-0.11902934312820435"
"670000","39613.5","39609","39618","0.05964731872081756","-0.4105171859264374","0.6118252277374268"
"675000","39911.5","39907","39916","0.3489081338047981","0.1258240044116974","0.5654826760292053"
"680000","40208.5","40204","40213","-0.39645774066448214","-0.8657114505767822","0.08156753331422806"
"685000","40507.5","40503","40512","-0.8548999488353729","-1.0444488525390625","-0.6164017915725708"
"690000","40787.5","40783","40792","-0.18910231497138738","-0.9153767824172974","0.5101724863052368"
"695000","41085.5","41081","41090","0.4322692655026913","-0.9266035556793213","1.4070422649383545"
"700000","41385.5","41381","41390","-1.464121925830841","-1.7744654417037964","-1.011333703994751"