"Train/step","ppo_discrete_2025-05-21_16-02-29 - _step","ppo_discrete_2025-05-21_16-02-29 - _step__MIN","ppo_discrete_2025-05-21_16-02-29 - _step__MAX","ppo_discrete_2025-05-21_16-02-29 - Train/critic_loss","ppo_discrete_2025-05-21_16-02-29 - Train/critic_loss__MIN","ppo_discrete_2025-05-21_16-02-29 - Train/critic_loss__MAX"
"5000","277.5","273","282","0.2089251086115837","0.06911348551511765","0.4250887632369995"
"10000","586.5","582","591","0.2099172905087471","0.07156850397586823","0.364871621131897"
"15000","890.5","886","895","0.21730737388134003","0.11775164306163788","0.36430081725120544"
"20000","1192.5","1188","1197","0.1923920400440693","0.07803823053836823","0.37076184153556824"
"25000","1490.5","1486","1495","0.21100527346134185","0.07884575426578522","0.46390992403030396"
"30000","1789.5","1785","1794","0.10735273361206055","0.06923533976078033","0.1626342236995697"
"35000","2080.5","2076","2085","0.09959327280521393","0.0633694976568222","0.1221940666437149"
"40000","2386.5","2382","2391","0.09753652065992355","0.06961057335138321","0.14336098730564117"
"45000","2692.5","2688","2697","0.12324839383363724","0.07078327983617783","0.18399006128311157"
"50000","3014.5","3010","3019","0.09975603073835373","0.06867970526218414","0.15627872943878174"
"55000","3326.5","3322","3331","0.08258722983300686","0.051221512258052826","0.12654909491539001"
"60000","3649.5","3645","3654","0.08503722250461579","0.04742266237735748","0.14463859796524048"
"65000","3945.5","3941","3950","0.09247829169034957","0.042669542133808136","0.14188557863235474"
"70000","4264.5","4260","4269","0.07971460670232773","0.039970070123672485","0.1280744969844818"
"75000","4592.5","4588","4597","0.12043053992092609","0.0425092913210392","0.21374434232711792"
"80000","4918.5","4914","4923","0.07920558638870716","0.0499112531542778","0.10177669674158096"
"85000","5229.5","5225","5234","0.079722448438406","0.05299428105354309","0.12189605832099915"
"90000","5528.5","5524","5533","0.067280687764287","0.045618996024131775","0.12417173385620117"
"95000","5843.5","5839","5848","0.06742550022900104","0.04517151787877083","0.1247292011976242"
"100000","6160.5","6156","6165","0.07175585515797138","0.05172213166952133","0.1274038553237915"
"105000","6465.5","6461","6470","0.0725151214748621","0.04696561023592949","0.10736189782619476"
"110000","6757.5","6753","6762","0.06917685344815254","0.044481679797172546","0.1015339195728302"
"115000","7072.5","7068","7077","0.06745620146393776","0.04395407438278198","0.12609368562698364"
"120000","7370.5","7366","7375","0.07855218537151813","0.04670511186122894","0.10126873850822449"
"125000","7670.5","7666","7675","0.05425755418837071","0.03243601322174072","0.08559183031320572"
"130000","7956.5","7952","7961","0.0684768721461296","0.04251844435930252","0.13881616294384003"
"135000","8251.5","8247","8256","0.03597309477627277","0.028644505888223648","0.046156685799360275"
"140000","8551.5","8547","8556","0.045107426680624486","0.02532217837870121","0.10089951008558273"
"145000","8850.5","8846","8855","0.052328264340758324","0.0332639142870903","0.09291881322860718"
"150000","9134.5","9130","9139","0.03968383111059666","0.0329008549451828","0.048839204013347626"
"155000","9431.5","9427","9436","0.040123185701668264","0.029920319095253944","0.047234974801540375"
"160000","9726.5","9722","9731","0.040843264386057856","0.03300314396619797","0.04994351044297218"
"165000","10022.5","10018","10027","0.0298385601490736","0.023150287568569183","0.04790351912379265"
"170000","10300.5","10296","10305","0.03268378637731075","0.02109931781888008","0.045184701681137085"
"175000","10599.5","10595","10604","0.029645188339054586","0.02466079592704773","0.03712388873100281"
"180000","10895.5","10891","10900","0.0269237719476223","0.02284879982471466","0.03215978667140007"
"185000","11195.5","11191","11200","0.029238511994481086","0.025052949786186218","0.037119749933481216"
"190000","11477.5","11473","11482","0.025352577865123748","0.018610766157507896","0.03770717233419418"
"195000","11773.5","11769","11778","0.023144526034593584","0.017584627494215965","0.03192894160747528"
"200000","12073.5","12069","12078","0.034480579942464826","0.029468350112438202","0.0406121164560318"
"205000","12352.5","12348","12357","0.02605576943606138","0.019199717789888382","0.03606889396905899"
"210000","12648.5","12644","12653","0.04682001806795597","0.024050772190093994","0.06352993845939636"
"215000","12950.5","12946","12955","0.045120373368263245","0.03849540650844574","0.0540558397769928"
"220000","13248.5","13244","13253","0.0339817238971591","0.02210015431046486","0.047945309430360794"
"225000","13525.5","13521","13530","0.05588918551802635","0.03310217708349228","0.07435957342386246"
"230000","13819.5","13815","13824","0.0688258707523346","0.05704644322395325","0.08561615645885468"
"235000","14116.5","14112","14121","0.061612040549516675","0.04167145490646362","0.11037445813417435"
"240000","14414.5","14410","14419","0.09966764897108078","0.06798756122589111","0.1436857283115387"
"245000","14702.5","14698","14707","0.06531870663166046","0.0320722833275795","0.10461162030696869"
"250000","15000.5","14996","15005","0.060804089345037934","0.026602640748023987","0.09950858354568481"
"255000","15295.5","15291","15300","0.050237685441970825","0.03767600283026695","0.07719375193119049"
"260000","15596.5","15592","15601","0.051314054802060124","0.04151589423418045","0.06033697724342346"
"265000","15876.5","15872","15881","0.033656440861523154","0.026593023911118507","0.042860355228185654"
"270000","16178.5","16174","16183","0.04349438138306141","0.03697332739830017","0.0564143992960453"
"275000","16478.5","16474","16483","0.04458250422030687","0.031111670657992363","0.05466586351394653"
"280000","16775.5","16771","16780","0.040862365253269674","0.031043855473399162","0.052636004984378815"
"285000","17054.5","17050","17059","0.03093142844736576","0.0264459028840065","0.0373498871922493"
"290000","17350.5","17346","17355","0.030445290356874467","0.019880764186382294","0.046077050268650055"
"295000","17646.5","17642","17651","0.03440757617354393","0.02834620699286461","0.03882177919149399"
"300000","17941.5","17937","17946","0.03677378874272108","0.030844075605273247","0.04630666598677635"
"305000","18222.5","18218","18227","0.027105639688670635","0.01981090009212494","0.035975728183984756"
"310000","18516.5","18512","18521","0.020343703776597978","0.017112810164690018","0.02256837859749794"
"315000","18817.5","18813","18822","0.021903015300631525","0.016544602811336517","0.03309803456068039"
"320000","19116.5","19112","19121","0.025987633690238","0.022020984441041946","0.02912803739309311"
"325000","19395.5","19391","19400","0.02089998573064804","0.016142457723617554","0.025726893916726112"
"330000","19690.5","19686","19695","0.021550445817410946","0.01789919286966324","0.02543528564274311"
"335000","19989.5","19985","19994","0.021820786036551","0.019150424748659134","0.025205843150615692"
"340000","20287.5","20283","20292","0.018402013834565877","0.01509171910583973","0.02510254457592964"
"345000","20564.5","20560","20569","0.019687829539179802","0.014294387772679329","0.025795433670282364"
"350000","20859.5","20855","20864","0.025244785472750664","0.018705226480960846","0.033659353852272034"
"355000","21159.5","21155","21164","0.021910435333848","0.01597372442483902","0.031203601509332657"
"360000","21439.5","21435","21444","0.019672699086368085","0.014886952936649323","0.028001848608255386"
"365000","21737.5","21733","21742","0.03605910874903202","0.024540361016988754","0.043060336261987686"
"370000","22034.5","22030","22039","0.030234719254076482","0.025725889950990677","0.03331157565116882"
"375000","22334.5","22330","22339","0.02583461832255125","0.01974988915026188","0.034764088690280914"
"380000","22613.5","22609","22618","0.04559265468269587","0.025042589753866196","0.07108688354492188"
"385000","22912.5","22908","22917","0.06271775774657726","0.04689357802271843","0.08094579726457596"
"390000","23212.5","23208","23217","0.04485638476908207","0.034257687628269196","0.06715934723615646"
"395000","23512.5","23508","23517","0.08457255996763706","0.04342157393693924","0.1614697277545929"
"400000","23790.5","23786","23795","0.10167160704731941","0.0608489066362381","0.1288001537322998"
"405000","24090.5","24086","24095","0.08233457356691361","0.046197619289159775","0.13717108964920044"
"410000","24389.5","24385","24394","0.08169524744153023","0.07558071613311768","0.0880344808101654"
"415000","24689.5","24685","24694","0.05114210210740566","0.029588978737592697","0.08502713590860367"
"420000","24966.5","24962","24971","0.07636731378734112","0.05507780611515045","0.11088082939386368"
"425000","25264.5","25260","25269","0.04535079840570688","0.02971685118973255","0.0792049914598465"
"430000","25563.5","25559","25568","0.03683391474187374","0.025591686367988586","0.05567864701151848"
"435000","25859.5","25855","25864","0.04272014163434505","0.03463265299797058","0.05263181030750275"
"440000","26139.5","26135","26144","0.028002092242240907","0.01589878275990486","0.041415974497795105"
"445000","26437.5","26433","26442","0.025443670712411402","0.017345981672406197","0.03970102220773697"
"450000","26735.5","26731","26740","0.03173493836075068","0.02761003002524376","0.037331704050302505"
"455000","27030.5","27026","27035","0.027120848558843134","0.02140345424413681","0.03727348893880844"
"460000","27308.5","27304","27313","0.028952237404882907","0.023756712675094604","0.04607277736067772"
"465000","27604.5","27600","27609","0.04357300624251366","0.033263105899095535","0.0559522844851017"
"470000","27902.5","27898","27907","0.03648458588868379","0.023216543719172478","0.05388607829809189"
"475000","28182.5","28178","28187","0.05056147817522287","0.02279527671635151","0.08498222380876541"
"480000","28480.5","28476","28485","0.07357513308525085","0.06295313686132431","0.09974001348018646"
"485000","28780.5","28776","28785","0.04709322862327099","0.040604278445243835","0.060845598578453064"
"490000","29078.5","29074","29083","0.09333317689597606","0.04117220640182495","0.2091861069202423"
"495000","29358.5","29354","29363","0.11011453047394752","0.06351657956838608","0.15685772895812988"
"500000","29653.5","29649","29658","0.04351488966494799","0.02938159555196762","0.07397708296775818"
"505000","29949.5","29945","29954","0.07316093109548091","0.028756365180015564","0.1272435039281845"
"510000","30250.5","30246","30255","0.05374185927212238","0.04121049493551254","0.07017248868942261"
"515000","30530.5","30526","30535","0.03169207572937012","0.024104785174131393","0.038799017667770386"
"520000","30828.5","30824","30833","0.029729229398071766","0.023530736565589905","0.03599528968334198"
"525000","31132.5","31128","31137","0.034899538941681386","0.026912137866020203","0.04086896777153015"
"530000","31429.5","31425","31434","0.032157416269183156","0.026208167895674706","0.03921191394329071"
"535000","31707.5","31703","31712","0.03386707790195942","0.026622969657182693","0.04315303638577461"
"540000","32007.5","32003","32012","0.025916171818971635","0.01943795755505562","0.03806106746196747"
"545000","32302.5","32298","32307","0.024053660221397877","0.017480000853538513","0.030096961185336113"
"550000","32596.5","32592","32601","0.025226489827036857","0.021148916333913803","0.030615005642175674"
"555000","32874.5","32870","32879","0.023772991448640823","0.020115721970796585","0.02806248515844345"
"560000","33174.5","33170","33179","0.02164555583149195","0.019142579287290573","0.02428232878446579"
"565000","33468.5","33464","33473","0.019231080077588558","0.015600467100739479","0.02383328229188919"
"570000","33768.5","33764","33773","0.018063301872462034","0.014684981666505337","0.02499736100435257"
"575000","34050.5","34046","34055","0.027922271005809306","0.02294282801449299","0.03398852050304413"
"580000","34346.5","34342","34351","0.01931412871927023","0.01589765027165413","0.02720513381063938"
"585000","34642.5","34638","34647","0.02139599733054638","0.01959977298974991","0.023940207436680794"
"590000","34938.5","34934","34943","0.021800037100911142","0.017729680985212326","0.02653278037905693"
"595000","35220.5","35216","35225","0.02429699245840311","0.0211457721889019","0.03077404573559761"
"600000","35520.5","35516","35525","0.024738658405840396","0.020119503140449524","0.028197525069117546"
"605000","35820.5","35816","35825","0.023248050548136234","0.019686512649059296","0.030146069824695587"
"610000","36116.5","36112","36121","0.018771927896887065","0.014119653962552547","0.030005674809217453"
"615000","36397.5","36393","36402","0.02174962908029556","0.01734311319887638","0.030896039679646492"
"620000","36693.5","36689","36698","0.022934960573911665","0.01747887022793293","0.03194057196378708"
"625000","36993.5","36989","36998","0.01920308331027627","0.014155714772641659","0.025326378643512726"
"630000","37272.5","37268","37277","0.015914291236549617","0.013476858846843243","0.01927584782242775"
"635000","37566.5","37562","37571","0.022507779113948346","0.016723331063985825","0.028328590095043182"
"640000","37869.5","37865","37874","0.02296483051031828","0.015664495527744293","0.030651818960905075"
"645000","38167.5","38163","38172","0.016323518939316273","0.010693859308958054","0.02253093756735325"
"650000","38446.5","38442","38451","0.019251619838178156","0.015829656273126602","0.023761076852679253"
"655000","38742.5","38738","38747","0.022994176112115385","0.018379241228103638","0.030327290296554565"
"660000","39042.5","39038","39047","0.02363433986902237","0.01886190101504326","0.02712629735469818"
"665000","39335.5","39331","39340","0.017976089753210543","0.014634896069765091","0.022421054542064667"
"670000","39613.5","39609","39618","0.025341439060866833","0.016964342445135117","0.03427785634994507"
"675000","39911.5","39907","39916","0.034962940588593484","0.027008656412363052","0.04289993643760681"
"680000","40208.5","40204","40213","0.03377422895282507","0.02743128314614296","0.03850053995847702"
"685000","40507.5","40503","40512","0.03800558261573315","0.031074214726686478","0.05400889366865158"
"690000","40787.5","40783","40792","0.06553227975964546","0.050101056694984436","0.0954415500164032"
"695000","41085.5","41081","41090","0.06751562803983688","0.05490173399448395","0.09597489982843399"
"700000","41385.5","41381","41390","0.0386927779763937","0.029458194971084595","0.05127737671136856"